{
  "custom": {},
  "params": {},
  "props": {},
  "root": {
    "children": [
      {
        "meta": {
          "name": "Thermometer"
        },
        "props": {
          "value": 2,
          "valueFont": {
            "fontSize": 20
          }
        },
        "type": "ia.display.thermometer"
      },
      {
        "meta": {
          "name": "Thermometer_0"
        },
        "position": {
          "size": "large"
        },
        "type": "ia.display.thermometer"
      }
    ],
    "meta": {
      "name": "root"
    },
    "props": {
      "breakpoint": 900
    },
    "type": "ia.container.breakpt"
  }
}