{
  "custom": {},
  "events": {
    "system": {
      "onStartup": {
        "config": {
          "page": "/"
        },
        "scope": "C",
        "type": "nav"
      }
    }
  },
  "params": {},
  "props": {
    "defaultSize": {
      "width": 1092
    }
  },
  "root": {
    "children": [
      {
        "meta": {
          "name": "Thermometer_0"
        },
        "position": {
          "height": 0.8313,
          "width": 0.1804,
          "x": 0.3814,
          "y": 0.1633
        },
        "propConfig": {
          "props.value": {
            "binding": {
              "config": {
                "fallbackDelay": 2.5,
                "mode": "direct",
                "tagPath": "[MQTT Engine]RZG/Room2/Temperatura.value"
              },
              "type": "tag"
            },
            "persistent": false
          }
        },
        "type": "ia.display.thermometer"
      },
      {
        "meta": {
          "name": "Label_0"
        },
        "position": {
          "height": 0.045,
          "rotate": {
            "anchor": "50% -47%"
          },
          "width": 0.1612,
          "x": 0.391,
          "y": 0.1172
        },
        "props": {
          "text": "Room2 Temperatura"
        },
        "type": "ia.display.label"
      },
      {
        "meta": {
          "name": "Label_1"
        },
        "position": {
          "height": 0.045,
          "rotate": {
            "anchor": "50% -47%"
          },
          "width": 0.1612,
          "x": 0.5925,
          "y": 0.1184
        },
        "props": {
          "text": "Room3 Temperatura"
        },
        "type": "ia.display.label"
      },
      {
        "meta": {
          "name": "Thermometer_1"
        },
        "position": {
          "height": 0.8313,
          "width": 0.1804,
          "x": 0.5829,
          "y": 0.1645
        },
        "propConfig": {
          "props.value": {
            "binding": {
              "config": {
                "fallbackDelay": 2.5,
                "mode": "direct",
                "tagPath": "[MQTT Engine]RZG/Room3/Temperatura.value"
              },
              "type": "tag"
            },
            "persistent": false
          }
        },
        "type": "ia.display.thermometer"
      },
      {
        "meta": {
          "name": "Label"
        },
        "position": {
          "height": 0.045,
          "rotate": {
            "anchor": "50% -47%"
          },
          "width": 0.1612,
          "x": 0.1844,
          "y": 0.1235
        },
        "props": {
          "text": "Room1 Temperatura"
        },
        "type": "ia.display.label"
      },
      {
        "meta": {
          "name": "Thermometer"
        },
        "position": {
          "height": 0.8313,
          "width": 0.1804,
          "x": 0.1748,
          "y": 0.1696
        },
        "propConfig": {
          "props.value": {
            "binding": {
              "config": {
                "fallbackDelay": 2.5,
                "mode": "direct",
                "tagPath": "[MQTT Engine]RZG/Room1/Temperatura.value"
              },
              "type": "tag"
            },
            "persistent": false
          }
        },
        "type": "ia.display.thermometer"
      },
      {
        "events": {
          "component": {
            "onActionPerformed": {
              "config": {
                "draggable": true,
                "id": "31L+HivW",
                "modal": false,
                "overlayDismiss": false,
                "resizable": true,
                "showCloseIcon": true,
                "title": "Popup Rafa",
                "type": "open",
                "viewParams": {
                  "Mensaje": "{/root/TextArea.props.text}"
                },
                "viewPath": "Popup"
              },
              "scope": "C",
              "type": "popup"
            }
          }
        },
        "meta": {
          "name": "Button"
        },
        "position": {
          "height": 0.0425,
          "width": 0.0733,
          "x": 0.8562,
          "y": 0.4638
        },
        "type": "ia.input.button"
      },
      {
        "meta": {
          "name": "TextArea"
        },
        "position": {
          "height": 0.2,
          "width": 0.2198,
          "x": 0.7687,
          "y": 0.5563
        },
        "type": "ia.input.text-area"
      }
    ],
    "meta": {
      "name": "root"
    },
    "props": {
      "mode": "percent"
    },
    "type": "ia.container.coord"
  }
}