{
  "custom": {},
  "params": {
    "Mensaje": "Hola"
  },
  "propConfig": {
    "params.Mensaje": {
      "paramDirection": "input",
      "persistent": true
    }
  },
  "props": {},
  "root": {
    "children": [
      {
        "meta": {
          "name": "LedDisplay"
        },
        "position": {
          "basis": "380px"
        },
        "props": {
          "value": 25
        },
        "type": "ia.display.led-display"
      },
      {
        "meta": {
          "name": "Label"
        },
        "position": {
          "basis": "32px"
        },
        "propConfig": {
          "props.text": {
            "binding": {
              "config": {
                "path": "view.params.Mensaje"
              },
              "type": "property"
            }
          }
        },
        "type": "ia.display.label"
      },
      {
        "meta": {
          "name": "CylindricalTank"
        },
        "position": {
          "basis": "220px"
        },
        "props": {
          "value": 34
        },
        "type": "ia.display.cylindrical-tank"
      }
    ],
    "meta": {
      "name": "root"
    },
    "props": {
      "direction": "column",
      "justify": "space-between"
    },
    "type": "ia.container.flex"
  }
}